title,pagerank,year,id
Andrei_Tarkovsky,159.88749999999956,1932,676
Vladimir_Khotinenko,26.862500000000015,1952,23417065
